indicator,candidates,kept,rejected,binding_pair,price_level,equally_maximal_alternatives
rsi,7 14 28 50,7 50,14 28,14: 14/28 rho=0.9364; 28: 28/50 rho=0.9559,False,
ema,10 20 50 150 200,10,20 50 150 200,20: 10/20 rho=0.9990; 50: 20/50 rho=0.9963; 150: 150/200 rho=0.9979; 200: 150/200 rho=0.9979,True,20 | 50 | 150 | 200
sma,10 20 50 200,10,20 50 200,20: 10/20 rho=0.9980; 50: 20/50 rho=0.9928; 200: 50/200 rho=0.9629,True,20 | 50 | 200
natr,7 14 28,7 28,14,14: 7/14 rho=0.9633,False,
willr,7 14 28,7 14 28,,,False,
cci,10 20 40,10 20 40,,,False,
roc,5 10 20,5 10 20,,,False,
stdev,10 20 40,10 40,20,20: 10/20 rho=0.9089,False,
zscore,10 20 50,10 20 50,,,False,
